99267496,59869316,-63985780,1782,658,-598308,5000000,0,-1099680512,32758
96488408,59895080,-63960136,1789,704,-598308,5000000,0,-1099680512,32758
96265976,59825404,-63952412,1513,572,-598308,5000000,0,-1099680512,32758
96374008,59710296,-63953896,1507,524,-598278,5000000,0,-1099680512,32758
96092936,59633144,-63954720,1146,351,-598308,5000000,0,-1099680512,32757
67057752,59333156,-63709960,1788,1044,-598168,5000000,0,-1099680512,32758
81037520,58727460,-63846608,1826,936,-598168,5000000,0,-1099680512,32758
81210048,58633288,-63808876,1825,898,-598220,5000000,0,-1099680512,32758
80990616,58566908,-63791980,1557,685,-598220,5000000,0,-1099680512,32758
80617264,58489716,-63855036,1263,718,-598208,5000000,0,-1099680512,32758
80505856,58417040,-63865248,1079,732,-598208,5000000,0,-1099680512,32758
79533032,57930904,-63809108,1429,342,-597778,5000000,0,-1099680512,32758
79576792,57833876,-63821544,1570,409,-597778,5000000,0,-1099680512,32758
79717960,57787572,-63854272,1762,528,-597938,5000000,0,-1099680512,32758
79948704,57688752,-63894920,1972,653,-597938,5000000,0,-1099680512,32758
79655080,57229572,-63752808,1718,1049,-598298,5000000,0,-1099680512,32758
79597744,57194324,-63736176,1564,848,-598298,5000000,0,-1099680512,32758
79349408,57111488,-63805536,1331,461,-598298,5000000,0,-1099680512,32758
79108920,56974316,-63821276,989,706,-598248,5000000,0,-1099680512,32758
79074136,56821376,-63736144,406,549,-598518,5000000,0,-1099680512,32758
78445520,55783824,-63711712,1631,850,-598118,5000000,0,-1099680512,32758
78969456,55671208,-63725676,1892,863,-598118,5000000,0,-1099680512,32758
78023920,55615932,-63793604,1349,1038,-597868,5000000,0,-1099680512,32758
79810752,54967796,-63771032,1547,417,-598768,5000000,0,-1099680512,32758
77177448,54909096,-63767320,1785,602,-598638,5000000,0,-1099680512,32758
79829016,54319116,-63728004,1636,843,-598228,5000000,0,-1099680512,32758
77119144,54350496,-63684644,1685,939,-598578,5000000,0,-1099680512,32758
79573840,54093660,-63727464,1140,361,-598730,5000000,0,-1099680512,32758
78706944,52972832,-63724144,1819,1024,-597818,5000000,0,-1099680512,32758
78993040,52872424,-63707544,1896,840,-597818,5000000,0,-1099680512,32758
78475976,52730144,-63718568,1507,1058,-597758,5000000,0,-1099680512,32758
79733704,52245332,-63712688,1300,853,-597758,5000000,0,-1099680512,32758
80089928,51238500,-63763124,1551,942,-597708,5000000,0,-1099680512,32758
79496072,51030804,-63774244,467,671,-597598,5000000,0,-1099680512,32758
78724800,50568976,-63800340,1802,537,-598258,5000000,0,-1099680512,32758
78768112,50487916,-63833924,1918,740,-598498,5000000,0,-1099680512,32758
78751552,50132848,-63711828,1834,1043,-598670,5000000,0,-1099680512,32758
79014352,50039516,-63681496,1860,839,-599018,5000000,0,-1099680512,32758
78512840,49988664,-63666304,1454,643,-599018,5000000,0,-1099680512,32758
78275424,49907936,-63729236,1420,1047,-599038,5000000,0,-1099680512,32758
78142472,49821864,-63736528,1156,838,-599038,5000000,0,-1099680512,32758
78010640,49745800,-63754820,991,796,-599038,5000000,0,-1099680512,32758
77200832,48536656,-63654756,1777,1031,-598040,5000000,0,-1099680512,32758
77156608,48447368,-63640692,1615,932,-598220,5000000,0,-1099680512,32758
76998072,48374892,-63652856,1398,633,-598220,5000000,0,-1099680512,32758
76912880,48291020,-63652000,1187,440,-598208,5000000,0,-1099680512,32758
76648416,48219264,-63672924,994,848,-598208,5000000,0,-1099680512,32758
76025576,47597816,-63635216,1865,676,-598258,5000000,0,-1099680512,32758
76162760,47090368,-63625292,1889,1142,-598058,5000000,0,-1099680512,32758
75880008,47022388,-63596556,1676,1007,-598058,5000000,0,-1099680512,32758
75327048,46783092,-63675720,1066,781,-598298,5000000,0,-1099680512,32758
75193440,46711412,-63704760,925,837,-598298,5000000,0,-1099680512,32758
75357760,46607984,-63646192,631,741,-597630,5000000,0,-1099680512,32758
75318176,46531368,-63637352,546,621,-597630,5000000,0,-1099680512,32758
74795072,45625432,-63693116,1920,991,-597808,5000000,0,-1099680512,32758
74909024,45511744,-63678120,1943,736,-597808,5000000,0,-1099680512,32758
74471376,45478656,-63659544,1527,984,-598088,5000000,0,-1099680512,32758
74028272,45334520,-63683348,983,815,-598188,5000000,0,-1099680512,32758
75577480,44921612,-63682660,1107,575,-598238,5000000,0,-1099680512,32758
73660864,44237804,-63741112,1988,1093,-598638,5000000,0,-1099680512,32758
73728984,44073072,-63669860,1861,906,-598806,5000000,0,-1099680512,32758
72875736,44021744,-63719200,1207,639,-598968,5000000,0,-1099680512,32757
72788216,43944628,-63730920,1082,802,-598968,5000000,0,-1099680512,32758
74654088,43417424,-63689748,1428,373,-598568,5000000,0,-1099680512,32758
72153200,43471712,-63656700,1691,957,-598420,5000000,0,-1099680512,32758
72037008,42844104,-63647960,1928,960,-598270,5000000,0,-1099680512,32758
72132568,42681148,-63616136,1865,825,-598248,5000000,0,-1099680512,32758
71230032,42530812,-63676696,1004,781,-598348,5000000,0,-1099680512,32758
70724336,41283260,-63566624,1815,1075,-598040,5000000,0,-1099680512,32758
70085784,41133460,-63611952,1197,631,-598298,5000000,0,-1099680512,32757
69954056,41062236,-63620564,978,722,-598298,5000000,0,-1099680512,32758
69682600,40989172,-63678864,730,699,-598228,5000000,0,-1099680512,32758
69850888,40901844,-63597508,620,793,-598168,5000000,0,-1099680512,32758
69203336,40591884,-63577940,1661,925,-598248,5000000,0,-1099680512,32758
69403336,40485076,-63596840,1849,1068,-598248,5000000,0,-1099680512,32758
69293784,40392156,-63622924,1886,751,-598228,5000000,0,-1099680512,32758
69111288,40349184,-63666896,1893,1023,-598228,5000000,0,-1099680512,32758
69208856,39913960,-63619372,1895,1014,-598108,5000000,0,-1099680512,32758
69107960,39858368,-63559852,1739,1172,-598108,5000000,0,-1099680512,32758
69111096,39774748,-63548848,1671,1112,-598108,5000000,0,-1099680512,32758
68633384,39718240,-63606036,1314,862,-598358,5000000,0,-1099680512,32758
68529080,39630548,-63619728,1140,784,-598298,5000000,0,-1099680512,32758
68398672,39537664,-63637348,914,700,-598298,5000000,0,-1099680512,32758
68511424,39361760,-63566712,530,683,-598220,5000000,0,-1099680512,32758
69827816,39191512,-63628736,1005,676,-598390,5000000,0,-1099680512,32758
67656872,38996376,-63555208,1668,623,-599030,5000000,0,-1099680512,32758
67968024,38484700,-63650072,1914,1076,-598568,5000000,0,-1099680512,32758
68034992,38406256,-63615008,1830,1164,-598610,5000000,0,-1099680512,32758
67220400,38008820,-63622888,737,901,-597998,5000000,0,-1099680512,32758
67182992,37930904,-63612392,602,749,-597998,5000000,0,-1099680512,32758
66702796,36999736,-63607380,1955,1491,-598528,5000000,0,-1099680512,32758
66516376,36944036,-63547400,1843,1310,-598528,5000000,0,-1099680512,32758
65786828,36582644,-63545252,632,651,-598298,5000000,0,-1099680512,32758
67059820,36440796,-63587712,950,605,-598298,5000000,0,-1099680512,32758
67213040,36350808,-63575660,1205,806,-598298,5000000,0,-1099680512,32758
67353128,35763356,-63747020,1920,488,-598070,5000000,0,-1099680512,32758
67299912,35403444,-63555584,1410,732,-597778,5000000,0,-1099680512,32758
67191512,35362188,-63560804,1294,979,-597778,5000000,0,-1099680512,32758
67012532,35278032,-63580724,934,700,-597778,5000000,0,-1099680512,32758
66829584,35193836,-63618932,800,900,-597938,5000000,0,-1099680512,32758
66448128,34711656,-63542176,1817,732,-597468,5000000,0,-1099680512,32758
66349408,34631916,-63574480,1877,603,-597468,5000000,0,-1099680512,32758
66418608,34197040,-63603400,1960,894,-598008,5000000,0,-1099680512,32758
66299708,34117132,-63542900,1744,1113,-597888,5000000,0,-1099680512,32758
66411248,34063368,-63515456,1696,1020,-597888,5000000,0,-1099680512,32758
65730412,33939836,-63580372,1070,711,-597980,5000000,0,-1099680512,32758
65583764,33685060,-63544044,348,319,-598308,5000000,0,-1099680512,32758
67158448,33436068,-63594392,1140,684,-598288,5000000,0,-1099680512,32758
65030748,32771148,-63525856,1936,911,-598620,5000000,0,-1099680512,32758
65186084,32689298,-63495044,1845,1137,-598620,5000000,0,-1099680512,32758
64238952,32459064,-63561828,1136,918,-598798,5000000,0,-1099680512,32758
65827984,32223536,-63533852,1813,1680,-598940,5000000,0,-1099680512,32758
65718980,32076388,-63579564,1054,650,-598528,5000000,0,-1099680512,32758
65807604,32002902,-63575500,1244,748,-598528,5000000,0,-1099680512,32758
66120880,31909980,-63528148,1539,1074,-598308,5000000,0,-1099680512,32758
66401160,31195344,-63513924,1896,1212,-598058,5000000,0,-1099680512,32758
65971356,31148968,-63487260,1573,1037,-598108,5000000,0,-1099680512,32758
65712756,30908942,-63577260,1243,797,-597580,5000000,0,-1099680512,32758
65184808,29911988,-63532092,2083,584,-597808,5000000,0,-1099680512,32758
65085704,29826782,-63454552,1844,1294,-597808,5000000,0,-1099680512,32758
65325368,29751974,-63445484,1812,1355,-597808,5000000,0,-1099680512,32758
64472156,29695156,-63495716,1508,1105,-597950,5000000,0,-1099680512,32758
64361500,29623394,-63505836,1173,819,-597950,5000000,0,-1099680512,32758
64244336,29394480,-63482940,580,823,-598440,5000000,0,-1099680512,32758
65883400,28822634,-63731752,1946,935,-598918,5000000,0,-1099680512,32758
63766796,28822952,-63580016,1957,998,-599268,5000000,0,-1099680512,32758
64030620,28398034,-63428224,1897,1042,-598940,5000000,0,-1099680512,32758
63969848,28322738,-63406996,1928,1918,-598660,5000000,0,-1099680512,32758
63075372,27942700,-63417500,1842,939,-598718,5000000,0,-1099680512,32758
67353824,26669866,-63501348,1193,885,-598190,5000000,0,-1099680512,32758
67397824,26504230,-63457088,796,943,-597808,5000000,0,-1099680512,32758
66454644,26107980,-63420300,1582,888,-598040,5000000,0,-1099680512,32758
66708680,26012470,-63450212,1820,902,-597860,5000000,0,-1099680512,32758
66532848,25947550,-63472584,1838,801,-597860,5000000,0,-1099680512,32758
66611632,25878240,-63498512,1926,911,-597618,5000000,0,-1099680512,32758
66171760,25726068,-63702576,2019,1106,-597938,5000000,0,-1099680512,32758
66575140,25533572,-63462196,1859,1204,-598380,5000000,0,-1099680512,32758
66535620,25464934,-63424084,1762,1083,-598380,5000000,0,-1099680512,32758
65968200,25316980,-63466064,1225,835,-598320,5000000,0,-1099680512,32758
65856720,25241568,-63482312,1002,723,-598390,5000000,0,-1099680512,32758
66036652,25143972,-63534792,1173,765,-598578,5000000,0,-1099680512,32758
65927056,25064318,-63435584,545,572,-598578,5000000,0,-1099680512,32758
67411304,24748028,-63474372,1311,820,-598336,5000000,0,-1099680512,32758
65165088,24580540,-63444740,1833,596,-598258,5000000,0,-1099680512,32758
65280456,24076364,-63565712,1794,799,-598698,5000000,0,-1099680512,32758
65981604,23448050,-63530064,1067,779,-598158,5000000,0,-1099680512,32758
66900384,23325654,-63454760,1670,1203,-598200,5000000,0,-1099680512,32758
66215992,22889248,-63800732,1918,768,-597920,5000000,0,-1099680512,32758
66774444,22700612,-63597620,2002,892,-598008,5000000,0,-1099680512,32758
66584320,22624330,-63547224,1803,1248,-598008,5000000,0,-1099680512,32758
66036492,22535486,-63601164,1423,804,-597750,5000000,0,-1099680512,32758
65819112,22398622,-63607036,1103,879,-597738,5000000,0,-1099680512,32758
65663344,22319224,-63622792,830,752,-597738,5000000,0,-1099680512,32758
65957344,22222512,-63531196,726,964,-597738,5000000,0,-1099680512,32758
65163440,21835078,-63482280,1673,963,-598128,4999999,0,-1099680512,32758
65263136,21740270,-63512304,1800,1008,-598128,5000000,0,-1099680512,32758
65164380,21676590,-63557544,1864,927,-598490,5000000,0,-1099680512,32758
65439244,21144320,-63516588,1908,1152,-598238,5000000,0,-1099680512,32758
65403648,21071476,-63474188,1823,1154,-598238,5000000,0,-1099680512,32758
64617164,20933584,-63525280,1201,821,-598158,5000000,0,-1099680512,32758
64505780,20863000,-63538776,1050,797,-598158,5000000,0,-1099680512,32758
64328136,20775370,-63574036,689,553,-598220,5000000,0,-1099680512,32758
64621644,20685112,-63487480,570,685,-598220,5000000,0,-1099680512,32758
63739112,20308988,-63476924,1713,1005,-598078,5000000,0,-1099680512,32758
63836364,20229126,-63513648,1861,933,-598078,5000000,0,-1099680512,32758
63814064,20134380,-63563792,1929,622,-598258,5000000,0,-1099680512,32758
63034320,19413324,-63522180,1307,1118,-598128,5000000,0,-1099680512,32758
79120104,17983842,-63456068,1909,1268,-598138,5000000,0,-1099680512,32758
79267800,17892356,-63449268,1924,842,-598298,5000000,0,-1099680512,32758
78377432,17747962,-63506508,1152,871,-598558,5000000,0,-1099680512,32758
78203680,17679886,-63529344,895,681,-598558,5000000,0,-1099680512,32758
78007112,17602784,-63560536,513,566,-598540,5000000,0,-1099680512,32758
77696952,17145796,-63485596,1831,557,-598238,5000000,0,-1099680512,32758
77517808,17072570,-63517812,1792,675,-598118,5000000,0,-1099680512,32758
77589552,16987696,-63539940,1883,695,-598008,5000000,0,-1099680512,32758
77512496,16557933,-63310500,1815,1204,-597958,5000000,0,-1099680512,32758
77208424,16490604,-63296668,1583,978,-597800,5000000,0,-1099680512,32758
76989232,16405043,-63345404,1375,785,-597898,5000000,0,-1099680512,32758
76835680,16309547,-63371924,1156,734,-598040,5000000,0,-1099680512,32758
76683176,16270761,-63385876,925,710,-598040,5000000,0,-1099680512,32758
75991304,14862689,-63442088,1500,692,-598748,5000000,0,-1099680512,32758
75457456,14782965,-63526520,1078,797,-598968,5000000,0,-1099680512,32758
75347752,14707158,-63531628,831,548,-599208,4999999,0,-1099680512,32758
75502744,14601611,-63474596,616,775,-599208,5000000,0,-1099680512,32758
75384592,14497363,-63477104,490,606,-598848,5000000,0,-1099680512,32758
74570944,14177208,-63471400,1584,692,-598600,5000000,0,-1099680512,32758
74889232,14079155,-63517852,1875,782,-598548,5000000,0,-1099680512,32758
75001800,13683470,-63475000,1936,1007,-598108,5000000,0,-1099680512,32758
74726304,13617908,-63419788,1674,1137,-597950,5000000,0,-1099680512,32758
74814056,13535121,-63416712,1652,1144,-597950,5000000,0,-1099680512,32758
74726928,13454955,-63424800,1486,781,-597768,5000000,0,-1099680512,32758
74223496,13357344,-63499000,1185,1005,-597790,4999999,0,-1099680512,32758
74092968,13257918,-63505616,864,730,-597790,5000000,0,-1099680512,32758
73893992,13181572,-63555916,602,755,-598058,5000000,0,-1099680512,32758
75593928,12976204,-63526368,988,634,-597800,5000000,0,-1099680512,32758
73540528,12127365,-63338732,1782,992,-598838,5000000,0,-1099680512,32758
72929384,11897034,-63402784,1121,724,-599030,5000000,0,-1099680512,32758
72754080,11823811,-63435896,892,722,-599198,5000000,0,-1099680512,32758
72600864,11754945,-63462792,635,550,-599198,5000000,0,-1099680512,32758
72857696,11650755,-63369580,523,640,-599398,5000000,0,-1099680512,32758
72004680,11286961,-63371840,1669,873,-599130,5000000,0,-1099680512,32758
72101912,11196138,-63396644,1821,981,-599038,5000000,0,-1099680512,32758
72184192,10794106,-63352612,1818,1082,-598398,5000000,0,-1099680512,32758
72210280,10698900,-63308228,1696,1136,-598398,5000000,0,-1099680512,32758
71976448,10593614,-63341136,1547,830,-598448,5000000,0,-1099680512,32758
71752352,10520180,-63383244,1325,819,-598448,5000000,0,-1099680512,32758
71667080,10454253,-63385364,1183,900,-598138,5000000,0,-1099680512,32758
71514432,10376399,-63405176,943,774,-598190,5000000,0,-1099680512,32758
71317104,10304286,-63454224,569,595,-598190,5000000,0,-1099680512,32758
71093760,9266158,-63353004,1983,1118,-598600,5000000,0,-1099680512,32758
70864136,9200351,-63290364,1792,1204,-598600,5000000,0,-1099680512,32758
70954088,9112218,-63269256,1750,1011,-598558,5000000,0,-1099680512,32758
70367880,9004227,-63329656,1395,835,-598528,5000000,0,-1099680512,32758
70260952,8925137,-63340160,1132,659,-598528,5000000,0,-1099680512,32758
70128768,8886780,-63351916,990,753,-598528,5000000,0,-1099680512,32758
70330088,8771185,-63404176,1229,932,-598940,5000000,0,-1099680512,32758
70178144,8748666,-63306544,505,630,-598940,5000000,0,-1099680512,32758
69406616,8416605,-63290376,1647,911,-599148,5000000,0,-1099680512,32758
69614408,8333165,-63306432,1835,668,-599148,5000000,0,-1099680512,32758
69612016,8243286,-63339180,1902,1029,-599148,5000000,0,-1099680512,32758
69522440,8172192,-63362392,1919,936,-598818,5000000,0,-1099680512,32758
69657560,7824919,-63369048,1891,1180,-598908,5000000,0,-1099680512,32758
69552344,7744551,-63300792,1789,1008,-598908,5000000,0,-1099680512,32758
69532352,7655578,-63278200,1700,1119,-598358,5000000,0,-1099680512,32758
69725912,7551890,-63280408,1686,1290,-598358,5000000,0,-1099680512,32758
68856816,7518481,-63352516,1169,870,-598298,5000000,0,-1099680512,32758
68780584,7284271,-63338128,616,799,-598368,5000000,0,-1099680512,32758
70399224,7022110,-63363544,1261,659,-597958,5000000,0,-1099680512,32758
68221792,6305432,-63309436,1847,1148,-598288,5000000,0,-1099680512,32758
68288552,6194476,-63295472,1837,989,-598158,5000000,0,-1099680512,32758
67375544,6078253,-63355812,1098,861,-598158,5000000,0,-1099680512,32758
68920240,4999304,-63557592,1891,332,-598578,5000000,0,-1099680512,32758
66623516,4847595,-63293780,1791,1123,-598490,5000000,0,-1099680512,32758
68883936,4668287,-63365484,1403,802,-598490,5000000,0,-1099680512,32758
66057416,4713212,-63333452,1359,767,-598600,4999999,0,-1099680512,32758
68642576,4526373,-63391308,993,894,-598600,5000000,0,-1099680512,32758
68567920,4336392,-63369752,558,808,-598428,5000000,0,-1099680512,32758
67975840,3390693,-63376784,1948,929,-598398,5000000,0,-1099680512,32758
68049752,3302754,-63317932,1815,1266,-598688,5000000,0,-1099680512,32758
68075512,3227058,-63277668,1756,1149,-598688,5000000,0,-1099680512,32758
68203408,3126251,-63276136,1766,1071,-598978,5000000,0,-1099680512,32758
67379344,3079615,-63324780,1233,819,-598978,5000000,0,-1099680512,32758
67268472,3002971,-63340492,1195,1101,-598440,4999999,0,-1099680512,32758
67350232,2790915,-63320240,658,962,-598408,5000000,0,-1099680512,32758
68708472,2463733,-63387952,1325,941,-598468,5000000,0,-1099680512,32758
66768720,1821186,-63215660,1873,1292,-598458,5000000,0,-1099680512,32758
66665120,1744351,-63166284,1782,1213,-598558,5000000,0,-1099680512,32758
65795704,1530540,-63233660,1080,893,-598336,5000000,0,-1099680512,32758
65380468,310661,-63131128,1885,1177,-598760,5000000,0,-1099680512,32758
65231916,238052,-63088232,1743,1016,-598760,5000000,0,-1099680512,32758
64445032,80946,-63171520,1207,972,-598330,5000000,0,-1099680512,32758
64464996,-69807,-63125488,626,777,-598368,5000000,0,-1099680512,32758
65780836,-307405,-63181304,1024,748,-597950,5000000,0,-1099680512,32758
66099408,-732685,-63319228,1819,791,-597778,5000000,0,-1099680512,32758
63815948,-1128741,-63199660,1752,1497,-597800,5000000,0,-1099680512,32758
66027260,-1327670,-63279784,1266,966,-598150,5000000,0,-1099680512,32758
65868164,-1567590,-63265660,702,912,-598138,5000000,0,-1099680512,32758
65830492,-1642752,-63257300,466,522,-598248,5000000,0,-1099680512,32758
65216676,-2009318,-63286348,1882,604,-598838,5000000,0,-1099680512,32758
65187908,-2090448,-63336596,1942,849,-598648,5000000,0,-1099680512,32758
64803016,-2165492,-63440148,1954,862,-598648,5000000,0,-1099680512,32758
65186180,-2515711,-63377112,1978,960,-598740,5000000,0,-1099680512,32758
65241280,-2607507,-63310584,1842,1106,-598740,5000000,0,-1099680512,32758
64547144,-2764160,-63340100,1502,1056,-598336,5000000,0,-1099680512,32758
64396392,-2811806,-63341920,1164,882,-598188,5000000,0,-1099680512,32758
64264024,-2896443,-63357288,911,640,-598188,5000000,0,-1099680512,32758
64309016,-3081002,-63302728,559,598,-598228,5000000,0,-1099680512,32758
63678224,-3557933,-63338612,1966,1150,-597898,5000000,0,-1099680512,32758
63841272,-4037513,-63301452,1877,1312,-597498,5000000,0,-1099680512,32758
64038172,-4144504,-63305904,1918,1157,-597790,5000000,0,-1099680512,32758
63931496,-4196780,-63262352,1757,1238,-597790,5000000,0,-1099680512,32758
62915108,-4514818,-63324940,614,904,-598468,5000000,0,-1099680512,32758
64500904,-5774001,-63470416,1098,816,-598588,5000000,0,-1099680512,32758
64083144,-5812933,-63563348,665,653,-598588,5000000,0,-1099680512,32758
64502232,-5908835,-63416364,612,766,-598588,5000000,0,-1099680512,32758
64465404,-5993834,-63415760,455,507,-598190,5000000,0,-1099680512,32758
63909772,-6489782,-63472364,1949,1086,-598130,5000000,0,-1099680512,32758
65385896,-7294280,-63560444,658,639,-598138,5000000,0,-1099680512,32758
65311232,-7348682,-63541504,368,479,-598138,5000000,0,-1099680512,32758
64412224,-7560245,-63465400,1113,949,-598568,5000000,0,-1099680512,32758
65117840,-7761634,-63377592,1629,993,-599098,5000000,0,-1099680512,32758
65154088,-7851410,-63404944,1756,786,-598760,5000000,0,-1099680512,32758
65091588,-7929199,-63441548,1802,885,-598760,5000000,0,-1099680512,32758
64841052,-8100293,-63619160,2080,1104,-599018,5000000,0,-1099680512,32758
65293524,-8346517,-63502852,1955,1248,-598718,5000000,0,-1099680512,32758
65475104,-8433628,-63475624,1916,1471,-598718,5000000,0,-1099680512,32758
64481164,-8935782,-63442408,567,574,-598336,5000000,0,-1099680512,32758
65842816,-9099395,-63484960,1008,697,-598336,5000000,0,-1099680512,32758
63998296,-9816362,-63480384,1925,1585,-598336,5000000,0,-1099680512,32758
66246996,-10021619,-63501708,1544,1049,-598336,5000000,0,-1099680512,32758
63962116,-9984954,-63411096,1747,980,-598440,5000000,0,-1099680512,32758
66030260,-10132951,-63511420,1096,955,-598440,5000000,0,-1099680512,32758
63108772,-10356344,-63453772,538,611,-598558,5000000,0,-1099680512,32758
65128320,-10692624,-63452436,1615,630,-598568,5000000,0,-1099680512,32758
65356512,-10797247,-63491396,1837,1122,-598568,5000000,0,-1099680512,32758
65317384,-11298774,-63364940,1908,1253,-598898,5000000,0,-1099680512,32758
65409428,-11376204,-63338884,1864,998,-598518,5000000,0,-1099680512,32758
64608892,-11791850,-63333564,637,666,-598200,5000000,0,-1099680512,32758
66145336,-12911656,-63481056,1403,1046,-598298,5000000,0,-1099680512,32758
66035992,-13002029,-63484496,1159,909,-598398,5000000,0,-1099680512,32758
65861436,-13061563,-63491688,866,693,-598398,5000000,0,-1099680512,32758
65479448,-13132062,-63542376,395,569,-598398,5000000,0,-1099680512,32758
65141956,-13454808,-63383376,1488,1020,-597958,5000000,0,-1099680512,32758
65228748,-13534184,-63380296,2005,219,-597800,5000000,0,-1099680512,32758
65480908,-13638943,-63418968,1798,1125,-597958,5000000,0,-1099680512,32758
65320296,-13722083,-63447876,1847,888,-597958,5000000,0,-1099680512,32758
64912892,-14028477,-63672368,1828,325,-597648,5000000,0,-1099680512,32758
65444408,-14143182,-63513124,1944,1161,-597648,5000000,0,-1099680512,32758
65729356,-14209500,-63500536,1919,1123,-597648,5000000,0,-1099680512,32758
65538000,-14292856,-63444160,1804,1291,-598408,5000000,0,-1099680512,32758
64727772,-14431308,-63510224,1137,733,-598288,5000000,0,-1099680512,32758
64645940,-14667531,-63455408,539,668,-598288,5000000,0,-1099680512,32758
66156932,-14917781,-63509044,1170,701,-598278,5000000,0,-1099680512,32758
64286800,-15745192,-63391664,1786,1234,-598298,5000000,0,-1099680512,32758
64264276,-15859015,-63368336,1683,1711,-598298,5000000,0,-1099680512,32758
65098596,-16439801,-63486536,1573,1009,-598220,5000000,0,-1099680512,32758
77917592,-17919550,-63486012,1373,721,-597688,5000000,0,-1099680512,32758
78037416,-18091098,-63490480,1644,465,-598390,5000000,0,-1099680512,32758
78059104,-18182096,-63518944,1766,502,-598390,5000000,0,-1099680512,32758
77991264,-18266376,-63556684,1817,583,-598960,5000000,0,-1099680512,32758
78113992,-18643704,-63528132,1875,1023,-599038,5000000,0,-1099680512,32758
78421848,-18746566,-63521472,1926,961,-599140,5000000,0,-1099680512,32758
78360408,-18849178,-63500648,1819,929,-598660,5000000,0,-1099680512,32758
77410448,-19123278,-63534448,632,770,-598768,5000000,0,-1099680512,32758
77369224,-19208578,-63526868,1928,650,-598768,5000000,0,-1099680512,32758
79290720,-20178164,-63444408,1552,657,-597518,5000000,0,-1099680512,32758
76479752,-20135014,-63414636,1568,982,-597198,5000000,0,-1099680512,32758
69850760,-21400918,-63447752,1990,1073,-598988,5000000,0,-1099680512,32758
69641088,-21464294,-63394648,1787,955,-598610,5000000,0,-1099680512,32758
69122656,-21637020,-63425036,1208,567,-598188,5000000,0,-1099680512,32758
68972376,-21700980,-63438732,967,649,-598078,5000000,0,-1099680512,32758
69038048,-21898902,-63370936,691,661,-598288,5000000,0,-1099680512,32758
70449488,-22092446,-63426476,1086,769,-597938,5000000,0,-1099680512,32758
68462960,-22251114,-63318928,1740,1022,-597868,5000000,0,-1099680512,32758
68278656,-22823982,-63461608,1956,993,-597718,5000000,0,-1099680512,32758
68111264,-22896800,-63418800,1775,917,-597718,5000000,0,-1099680512,32758
68113272,-22986380,-63404772,1696,1067,-597750,5000000,0,-1099680512,32758
68933152,-23515274,-63429212,1045,847,-598078,5000000,0,-1099680512,32758
69356824,-24440736,-63384228,1479,732,-598838,5000000,0,-1099680512,32758
69176184,-24519332,-63410572,1320,969,-598838,5000000,0,-1099680512,32758
69089792,-24604150,-63421784,1098,860,-598588,5000000,0,-1099680512,32758
68714776,-24767060,-63490344,621,903,-598098,5000000,0,-1099680512,32758
69001056,-24852658,-63398840,490,608,-598098,5000000,0,-1099680512,32758
68332408,-25161062,-63423280,1786,940,-597958,5000000,0,-1099680512,32758
68264920,-25243530,-63444336,1831,879,-597958,5000000,0,-1099680512,32758
68295584,-25345568,-63478296,1921,917,-597898,5000000,0,-1099680512,32758
68160992,-25793246,-63373448,1848,1099,-598478,5000000,0,-1099680512,32758
68230240,-25845578,-63339704,1787,979,-598336,5000000,0,-1099680512,32758
68103088,-25935208,-63324388,1644,822,-598238,5000000,0,-1099680512,32758
67576552,-25989246,-63385976,1207,687,-598238,5000000,0,-1099680512,32758
67468264,-26074848,-63398596,1028,673,-598258,5000000,0,-1099680512,32758
69047016,-26304794,-63356056,532,415,-598660,5000000,0,-1099680512,32758
67335912,-26313998,-63346680,366,355,-598420,5000000,0,-1099680512,32758
68848664,-26461676,-63421924,995,564,-598108,5000000,0,-1099680512,32758
66984632,-27378302,-63282300,1799,1095,-598040,5000000,0,-1099680512,32758
68740192,-27607624,-63403076,863,721,-598710,5000000,0,-1099680512,32758
67589904,-27753924,-63311568,760,375,-598320,5000000,0,-1099680512,32758
68152248,-28092164,-63304444,1689,985,-598588,5000000,0,-1099680512,32758
68107992,-28180700,-63325868,1748,800,-598588,5000000,0,-1099680512,32758
68050912,-28253854,-63367388,1838,875,-598428,5000000,0,-1099680512,32758
67713480,-28321378,-63483312,1785,578,-598508,5000000,0,-1099680512,32758
67845736,-28746320,-63445192,1731,874,-598670,5000000,0,-1099680512,32758
67805960,-28824018,-63388856,1597,978,-598670,5000000,0,-1099680512,32758
67444376,-28995032,-63445308,1274,925,-598858,5000000,0,-1099680512,32758
68788224,-29434882,-63414916,1065,588,-598578,5000000,0,-1099680512,32758
66813640,-30129902,-63301392,1920,1224,-597930,5000000,0,-1099680512,32758
66911220,-30221990,-63242468,1795,1281,-597988,5000000,0,-1099680512,32758
66893752,-30311846,-63199788,1722,1240,-597988,5000000,0,-1099680512,32758
66239924,-30364460,-63272620,1805,1864,-597768,5000000,0,-1099680512,32758
66175508,-30450564,-63270180,1580,1570,-597768,5000000,0,-1099680512,32758
66043824,-30555090,-63289720,1197,1069,-597958,5000000,0,-1099680512,32758
65928328,-30765048,-63265324,427,450,-598088,5000000,0,-1099680512,32758
65379936,-31125100,-63319752,1917,1059,-598940,5000000,0,-1099680512,32758
65268684,-31544094,-63352040,1931,1291,-599198,5000000,0,-1099680512,32758
65346056,-31631928,-63299388,1888,927,-599410,5000000,0,-1099680512,32758
65136736,-31712708,-63250464,1662,1098,-599410,5000000,0,-1099680512,32758
64594044,-32105872,-63264252,750,834,-598778,5000000,0,-1099680512,32758
66170412,-32912136,-63526344,1917,475,-597838,5000000,0,-1099680512,32758
64014196,-33066070,-63261900,1831,1552,-597738,5000000,0,-1099680512,32758
66122960,-33233148,-63315080,1341,731,-597738,5000000,0,-1099680512,32758
63250452,-33214692,-63287596,1414,945,-597498,5000000,0,-1099680512,32758
65859156,-33406940,-63342128,1008,805,-597498,5000000,0,-1099680512,32758
62522284,-34366116,-63541124,1848,900,-599368,5000000,0,-1099680512,32758
65545708,-34570280,-63381152,1866,1105,-599368,5000000,0,-1099680512,32758
62559644,-34545756,-63351640,1968,1021,-599278,5000000,0,-1099680512,32758
64785760,-34678956,-63417920,1306,918,-599278,5000000,0,-1099680512,32758
63334096,-34956500,-63396788,727,416,-598790,5000000,0,-1099680512,32758
63850148,-35517676,-63439284,1906,819,-598330,5000000,0,-1099680512,32758
64228956,-35941624,-63294756,1912,1137,-597930,5000000,0,-1099680512,32758
64319452,-36038824,-63259644,1832,1204,-597768,5000000,0,-1099680512,32758
63531988,-36148700,-63311688,1530,1256,-597768,5000000,0,-1099680512,32758
63398364,-36217192,-63327448,1141,944,-597838,5000000,0,-1099680512,32758
63377736,-36480248,-63288732,529,588,-597790,5000000,0,-1099680512,32758
62553584,-37287824,-63368440,1982,846,-598610,5000000,0,-1099680512,32758
62971712,-37531352,-63276440,1920,897,-598258,5000000,0,-1099680512,32758
61999904,-37660152,-63358344,1236,1157,-598568,5000000,0,-1099680512,32758
62028920,-37839728,-63324916,645,787,-598828,5000000,0,-1099680512,32758
61393860,-38367736,-63397100,923,925,-598600,5000000,0,-1099680512,32758
61290236,-38547356,-63567468,679,748,-598790,5000000,0,-1099680512,32758
61251940,-38725008,-63460280,333,934,-598188,5000000,0,-1099680512,32758
61176880,-38875708,-63309400,531,1081,-598188,5000000,0,-1099680512,32758
61421368,-38975848,-63296452,751,1142,-598200,5000000,0,-1099680512,32758
62027924,-39663376,-63375880,1350,676,-598308,5000000,0,-1099680512,32758
61913184,-39821276,-63346728,1314,680,-598380,5000000,0,-1099680512,32758
62142200,-39921980,-63493504,1915,979,-598380,5000000,0,-1099680512,32758
62012616,-40382204,-63560008,1504,330,-598238,5000000,0,-1099680512,32758
62122448,-40766060,-63351024,746,884,-598336,5000000,0,-1099680512,32758
61151288,-41459364,-63555324,607,735,-598848,5000000,0,-1099680512,32758
61540440,-41675548,-63466712,490,984,-598578,5000000,0,-1099680512,32758
61627980,-41769240,-63397216,552,1077,-598348,5000000,0,-1099680512,32758
61613428,-41845812,-63343712,615,1107,-598288,5000000,0,-1099680512,32758
61594908,-41929472,-63314844,764,1101,-598336,5000000,0,-1099680512,32758
62220568,-42276348,-63359168,480,431,-598248,5000000,0,-1099680512,32758
62410344,-43349548,-63393028,1574,593,-598968,5000000,0,-1099680512,32758
61994812,-43592540,-63407080,1039,1012,-598628,5000000,0,-1099680512,32758
62184148,-43759524,-63326160,608,646,-598258,5000000,0,-1099680512,32758
61391792,-44235820,-63334984,922,960,-598220,5000000,0,-1099680512,32758
61403960,-44480772,-63492528,593,822,-597800,5000000,0,-1099680512,32758
61624708,-44583372,-63395152,676,997,-597800,5000000,0,-1099680512,32758
61753668,-44682576,-63331848,667,1162,-597800,5000000,0,-1099680512,32758
61848692,-44770508,-63290832,792,1163,-597818,5000000,0,-1099680512,32757
61811028,-44842012,-63252592,782,1193,-597818,5000000,0,-1099680512,32758
62472516,-45531428,-63362416,1524,1069,-598358,5000000,0,-1099680512,32758
62716624,-45859044,-63510804,2000,416,-599108,5000000,0,-1099680512,32758
62219336,-46445836,-63350600,1084,863,-598880,5000000,0,-1099680512,32758
62014836,-46514488,-63400984,927,988,-598880,5000000,0,-1099680512,32758
62285820,-46601500,-63317516,721,973,-598458,5000000,0,-1099680512,32758
62178572,-46668696,-63317072,502,537,-598458,5000000,0,-1099680512,32758
61550600,-47111736,-63336964,1003,955,-598368,5000000,0,-1099680512,32758
61498316,-47208412,-63379772,839,944,-598468,5000000,0,-1099680512,32758
61595988,-47321072,-63450124,697,923,-598468,5000000,0,-1099680512,32758
61067048,-47434644,-63653504,519,686,-598448,5000000,0,-1099680512,32758
61585280,-47546068,-63427496,739,1008,-597898,5000000,0,-1099680512,32758
61775664,-47647956,-63373256,932,990,-597808,5000000,0,-1099680512,32758
61763252,-47695020,-63314704,923,1050,-597808,5000000,0,-1099680512,32758
63434552,-49168404,-63304296,1958,1188,-599238,2206669,0,-1099680512,32758
78370992,-49869688,-63467164,1323,876,-599118,1829527,0,-1099680512,32758
78457744,-50032228,-63468596,1512,997,-599118,1159047,0,-1099680512,32758
78788376,-50126240,-63489148,1852,534,-599420,823810,0,-1099680512,32758
78789152,-50201476,-63531952,1929,796,-599420,509527,0,-1099680512,32758
